id,course1,marker1,course2,marker2,course3,marker3,course4,marker4,total
9,0,,0,,0,,0,王兰、侯澎、张英、张洋,0
11,69,无,86,无,0,无,68.93,无,75.79
14,0,孙淼、王毅、张盼、李馨、王,0,孙淼、王毅、张盼、李馨、王,0,孙淼、王毅、张盼、李馨、王,0,孙淼、王毅、张盼、李馨、王,0
17,0,,0,,0,,0,,0
24,0,无,18,李冬,25.47,杨刚 孟伟 张海燕 淮永,38.33,孟伟 张海燕 淮永,81.8
25,63,无,78,无,0,无,79.14,无,72.23
28,38.4,胡冬,0,胡冬,17.8,张金凤,37.6,李莉,93.8
32,53,无,72,无,0,无,84,无,66.8
33,32,孙世瑕,8,项晶茹,8,项晶茹,29.75,金宇宇,77.75
40,0,无,0,无,0,无,0,温舟、张晨、李强、贺超、米锋、姜艳、吴源,0
41,74,丁梁,0,丁梁,92.8,丁梁,94,丁梁,85.76
43,44,无,70,无,0,无,83.57,无,62.31
44,74,丁梁,0,丁梁,88.6,丁梁,91.4,丁梁,83.88
49,77,无,76,无,0,无,84.71,无,78.14
52,67,无,78,无,0,无,81.64,无,74.33
54,22.2,阚江宇,21,李文彬,22.2,康峰,21,阚江宇,86.4
57,0,,0,,0,,0,,0
60,79,蔡军,79,蔡军,89,蔡军,90,蔡军,84
64,36.28,xx培育然科教师,18.2,xx培育然科教师,17.1,xx培育然科教师,18.52,xx培育然科教师,90.11
65,94,徐程毅、张新怡,94,徐程毅、李雷、樊大勇、张新怡,91.5,徐程毅、李雷、樊大勇、张新怡,92,徐程毅、李雷、樊大勇、张新怡,93.1
66,0,无,0,无,0,无,0,无,0
68,88.2,xx经理然科,88.5,xx经理然科,89.1,xx经理然科,90.4,xx经理然科,89.05
70,0,无,0,无,0,无,0,无,0
74,34,孙世瑕,9,项晶茹,8.5,项晶茹,30.5,金宇宇,82
81,34.4,孙世瑕,6,项晶茹,8,项晶茹,28.75,金宇宇,77.15
83,62,无,78,无,0,无,82.5,无,72.5
85,0,,0,无,0,无,0,无,0
89,0,无,0,无,0,无,86.45,张毅等,86.45
99,0,,0,,0,,85.63,王兰、侯澎、张英、张洋,85.63
101,0,无,0,无,0,无,0,无,0
107,0,无,0,无,77.2,无,74.17,无,74.77
111,0,无,23,李冬,18.13,杨刚 齐凯 李巨虎 赵方,30.67,齐凯 李巨虎 赵方,71.8
112,68,丁梁,0,丁梁,91.2,丁梁,93.8,丁梁,82.96
115,86.8,xx然科,83,xx然科,83.8,xx然科,84.8,xx然科,84.44
117,87,蔡军,87,蔡军,92,蔡军,92,蔡军,90
119,0,无,0,无,0,无,0,"田治强 张岩	王炜	周欣	李颖	孙凤	何h",0
126,49,无,75,无,0,无,72.29,无,64.06
133,0,无,0,无,0,无,0,无,0
134,0,无,0,无,0,无,0,吴源，温舟，张晨，李强，姜艳,0
136,60,石娟、徐晗,91.1,x保教师,96.5,陶静、刘红莉,93,x保教师,80.12
140,0,无,0,无,0,无,90.25,田治强 李小勇 曹茹 陈凯 李利茹 樊昆 张洋 张英,90.25
154,0,,0,无,0,无,0,无,0
157,0,吴宇红,0,张连伟,0,阎景娟,0,阎景娟,0
159,79.8,孙淼、王毅、张盼、李馨、王,80.2,孙淼、王毅、张盼、李馨、王,78.6,孙淼、王毅、张盼、李馨、王,79.2,孙淼、王毅、张盼、李馨、王,79.45
174,0,无,0,无,87.86,无,90.86,无,90.26
176,73,无,72,无,0,无,84.29,无,74.86
178,38,孙桓凯,0,孙桓凯,17,孙桓凯,35,孙桓凯,90
188,0,无,0,无,89.78,王晨逸、于畅,89.78,田宇利、吴红艳、万璐、潘焕然、秦英涛、顾冰松、张堇逸、庞新仁、安欣,89.78
196,0,,0,,0,,0,,0
197,89,无,0,无,87.25,无,92.5,无,90.5
203,60,史宝 张艳芳,0,无,94,于洪涵,90.2,李芝 姚小凯 祖莉,78.88
206,34.8,孙世瑕,7,项晶茹,7.5,项晶茹,33.5,金宇宇,82.8
209,0,无,0,无,94,王晨逸、于畅,85.22,田宇利、吴红艳、万璐、潘焕然、秦英涛、顾冰松、张堇逸、庞新仁、安欣,87.86
211,55,蔡军,55,蔡军,80,蔡军,81,蔡军,68
215,88.2,xx经理然科,87.1,xx经理然科,87.1,xx经理然科,89.1,xx经理然科,87.82
220,0,无,0,无,0,无,83.13,田治强 李小勇 曹茹 陈凯 李利茹 樊昆 张洋 张英,83.13
221,87.25,田治强,0,,0,,0,,0
225,0,无,0,无,80.14,无,83.71,无,83
227,0,无,0,无,0,无,86.5,田治强 李小勇 曹茹 陈凯 李利茹 樊昆 张洋 张英,86.5
228,91.75,孙淼、王毅、张盼、李馨,91.5,孙淼、王毅、张盼、李馨,88.75,孙淼、王毅、张盼、李馨,91.2,孙淼、王毅、张盼、李馨,90.8
229,0,无,0,无,0,无,83.75,田治强 李小勇 曹茹 陈凯 李利茹 樊昆 张洋 张英,83.75
230,0,无,0,无,0,无,90.71,温舟、张晨、李强、贺超、米锋、姜艳、吴源,90.71
232,0,无,0,无,0,无,89.35,王兰、侯澎、张英、张洋,89.35
233,87,段克勤,0,无,82,刘玮,72.2,段克勤 刘笑睿 崔信跃,80.08
235,0,无,0,无,0,无,85.58,王兰、侯澎、张英、张洋,85.58
237,88.6,xx经理然科,88.9,xx经理然科,87.3,xx经理然科,89.5,xx经理然科,88.49
245,0,无,70,无,0,无,0,无,28
254,33.6,孙世瑕,8,项晶茹,7.5,项晶茹,29.25,金宇宇,78.35
265,86.2,孙淼、王毅、张盼、李馨、王,88,孙淼、王毅、张盼、李馨、王,83.4,孙淼、王毅、张盼、李馨、王,89.2,孙淼、王毅、张盼、李馨、王,86.7
266,0,无,0,无,90.5,王晨逸、于畅,80.7,田宇利、吴红艳、万璐、潘焕然、秦英涛、顾冰松、张堇逸、庞新仁、安欣,83.69
267,35.28,xx培育然科教师,17.36,xx培育然科教师,15.7,xx培育然科教师,17.73,xx培育然科教师,86.07
276,0,无,0,无,83.86,无,89.86,无,88.66
281,85,xx经理然科,85.9,xx经理然科,83.3,xx经理然科,87.9,xx经理然科,85.38
282,88.4,xx经理然科,89.5,xx经理然科,87.1,xx经理然科,89.9,xx经理然科,88.62
286,0,无,0,无,83,王晨逸、于畅,83,田宇利、吴红艳、万璐、潘焕然、秦英涛、顾冰松、张堇逸、庞新仁、安欣,83
291,85,xx经理然科,86.4,xx经理然科,85.8,xx经理然科,86.8,xx经理然科,85.99
294,0,无,0,无,0,无,88.57,"田治强	张岩	王炜	周欣	李颖	孙凤	何h",88.57
300,91.5,孙淼、王毅、张盼、李馨,87.25,孙淼、王毅、张盼、李馨,87.25,孙淼、王毅、张盼、李馨,90.2,孙淼、王毅、张盼、李馨,89.05
301,0,无,65,柴焕锁,0,无,89,李芝 姚小凯 祖莉,77
303,0,无,0,无,0,无,0,无,0
304,75,蔡军,75,蔡军,86,蔡军,86,蔡军,81
308,73,无,83,无,0,无,77.43,无,77.89
310,0,无,67,柴焕锁,0,无,87.3,李芝 姚小凯 祖莉,77.15
316,0,无,0,无,0,无,89.71,温舟、张晨、李强、贺超、米锋、姜艳、吴源,89.71
320,86.875,田治强,0,,0,,0,,0
322,0,无,0,无,0,无,0,无,0
325,0,无,0,无,0,无,95,吴源，温舟，张晨，李强，姜艳,95
332,0,无,0,无,0,无,90.27,张毅等,90.27
334,35.64,xx培育然科教师,17.51,xx培育然科教师,14.44,xx培育然科教师,17.78,xx培育然科教师,85.38
341,0,,0,,0,,90.1,王兰、侯澎、张英、张洋,90.1
343,86,孙淼、王毅、张盼、李馨,87.75,孙淼、王毅、张盼、李馨,87,孙淼、王毅、张盼、李馨,88,孙淼、王毅、张盼、李馨,87.19
348,70,刘艳,0,刘艳等,0,刘艳等,91.75,刘艳等,83.05
351,0,无,0,无,0,无,0,温舟、张晨、李强、贺超、米锋、姜艳、吴源,0
352,88.8,孙淼、王毅、张盼、李馨、王,91,孙淼、王毅、张盼、李馨、王,88.4,孙淼、王毅、张盼、李馨、王,92.6,孙淼、王毅、张盼、李馨、王,90.2
354,33.72,培育然科教师,16.38,培育然科教师,15.3,xx培育然科教师,17.8,培育然科教师,83.2
356,83,无,0,无,76.75,无,86,无,82.95
361,31.2,孙世瑕,7,项晶茹,7.5,项晶茹,29.75,金宇宇,75.45
362,30,孙世瑕,6,项晶茹,7,项晶茹,29,金宇宇,72
366,0,无,0,无,81.78,王晨逸、于畅,81.78,田宇利、吴红艳、万璐、潘焕然、秦英涛、顾冰松、张堇逸、庞新仁、安欣,81.78
370,0,无,0,无,0,无,91.57,温舟、张晨、李强、贺超、米锋、姜艳、吴源,91.57
376,0,无,0,无,0,无,90.29,温舟、张晨、李强、贺超、米锋、姜艳、吴源,90.29
381,0,无,0,无,0,无,89.5,田治强 李小勇 曹茹 陈凯 李利茹 樊昆 张洋 张英,89.5
382,0,无,0,无,0,无,92.77,张毅等,92.77
383,63,无,78,无,0,无,79.29,无,72.26
386,0,无,0,无,0,无,92.45,张毅等,92.45
387,36.72,xx培育然科教师,18.12,xx培育然科教师,15.2,xx培育然科教师,18.43,xx培育然科教师,88.47
390,0,孙世瑕,0,项晶茹,0,项晶茹,0,金宇宇,0
396,0,无,0,无,0,无,91.32,张毅等,91.32
397,89,无,0,无,80.5,无,88.9,无,87
405,93,无,0,无,76,无,89.2,无,88.08
412,0,刘艳,0,刘艳等,0,刘艳等,87.75,刘艳等,52.65
413,84,丁梁,0,丁梁,89.6,丁梁,94.6,丁梁,89.36
414,0,无,0,无,0,无,78.43,"田治强	张岩	王炜	周欣	李颖	孙凤	何h",78.43
416,0,,0,无,0,无,0,无,0
426,0,无,0,无,0,无,93,侯方淼，郭军，秦光源,93
428,0,无,0,无,0,无,88.09,张毅等,88.09
429,0,,0,,0,,0,雷都，宋先源，段久芳,0
430,87.125,田治强,0,,0,,0,,0
431,88,胡淼夫,0,时昆等,94,时昆等,90,时昆等,90.67
432,0,,0,,0,,95,雷都，宋先源，段久芳,95
433,88.9,xx经理然科,87.7,xx经理然科,86,xx经理然科,88.4,xx经理然科,87.63
439,88,xx然科,86.2,xx然科,94,xx然科,91.4,xx然科,90.72
442,60,刘艳,0,刘艳等,0,刘艳等,91.25,刘艳等,78.25
444,35.93,xx培育然科教师,17.85,xx培育然科教师,15.73,xx培育然科教师,18.25,xx培育然科教师,87.76
446,0,无,0,无,0,无,0,无,0
447,35.66,xx培育然科教师,17.67,xx培育然科教师,17.27,xx培育然科教师,18.34,xx培育然科教师,88.92
451,0,无,0,无,0,无,86.57,"田治强	张岩	王炜	周欣	李颖	孙凤	何h",86.57
460,0,无,0,无,0,无,88.43,"田治强	张岩	王炜	周欣	李颖	孙凤	何h",88.43
472,85,孙淼、王毅、张盼、李馨、王,88.2,孙淼、王毅、张盼、李馨、王,88.6,孙淼、王毅、张盼、李馨、王,89.2,孙淼、王毅、张盼、李馨、王,87.75
477,35.2,孙世瑕,7,项晶茹,9.5,项晶茹,36.25,金宇宇,87.95
492,0,xx经理然科,0,xx经理然科,0,xx经理然科,0,xx经理然科,0
496,87.5,xx经理然科,87.3,xx经理然科,87.2,xx经理然科,88,xx经理然科,87.48
498,0,无,0,无,0,无,88,田治强 李小勇 曹茹 陈凯 李利茹 樊昆 张洋 张英,88
500,59,史宝 张霞,0,无,75,于洪涵,87.3,李芝 姚小凯 祖莉,73.52
501,88,xx经理然科,87.9,xx经理然科,87.8,xx经理然科,89.6,xx经理然科,88.29
507,0,无,0,无,0,无,84.71,张毅等,84.71
508,0,无,0,无,0,无,91.14,"田治强	张岩	王炜	周欣	李颖	孙凤	何h",91.14
512,0,无,0,无,0,无,0,无,0
513,0,,0,无,0,无,0,无,0
514,38,孙桓凯,0,孙桓凯,18,孙桓凯,36,孙桓凯,92
520,0,,0,无,0,无,0,无,0
528,0,无,0,无,0,无,88.36,张毅等,88.36
529,0,无,0,无,0,无,88.45,王兰、侯澎、张英、张洋,88.45
530,0,无,0,无,0,无,91.77,张毅等,91.77
533,0,无,0,无,0,无,89.73,张毅等,89.73
538,0,孙淼、王毅、张盼、李馨、王,0,孙淼、王毅、张盼、李馨、王,0,孙淼、王毅、张盼、李馨、王,0,孙淼、王毅、张盼、李馨、王,0
541,0,无,0,无,0,无,92,温舟、张晨、李强、贺超、米锋、姜艳、吴源,92
542,0,无,0,无,0,无,93,侯方淼，郭军，秦光源,93
544,92,无,0,无,73,无,87.3,无,86.3
546,0,无,0,无,0,无,93.5,雷都，宋先源，段久芳,93.5
551,0,田治强,0,,0,,0,,0
553,0,无,0,无,0,无,0,无,0
554,87,无,0,无,69.25,无,85.5,无,82.85
555,34.95,xx培育然科教师,17.4,xx培育然科教师,16.36,xx培育然科教师,18.07,xx培育然科教师,86.78
556,60,刘艳,0,刘艳等,0,刘艳等,91.75,刘艳等,78.85
559,87.25,孙淼、王毅、张盼、李馨,86.75,孙淼、王毅、张盼、李馨,75.25,孙淼、王毅、张盼、李馨,85.8,孙淼、王毅、张盼、李馨,83.76
560,1,,1,,1,,1,,1
571,0,无,0,无,0,无,89.29,温舟、张晨、李强、贺超、米锋、姜艳、吴源,89.29
572,0,无,0,无,85,王晨逸、于畅,86,田宇利、吴红艳、万璐、潘焕然、秦英涛、顾冰松、张堇逸、庞新仁、安欣,85.7
574,84,无,0,无,83.75,无,89,无,85.95
579,33.2,戴丽、张芹、郝正聪、高毅武,0,无,17.6,戴丽、张芹、巩前文、吴守莉、周文、郝正聪、李成密,36,戴丽、张芹、巩前文、吴守莉、周文、郝正聪、李成密,86.8
580,0,无,0,无,0,无,0,温舟、张晨、李强、贺超、米锋、姜艳、吴源,0
582,0,无,0,无,0,无,0,无,0
583,88.4,孙淼、王毅、张盼、李馨、王,89.2,孙淼、王毅、张盼、李馨、王,87.8,孙淼、王毅、张盼、李馨、王,90.2,孙淼、王毅、张盼、李馨、王,88.9
585,0,无,0,无,80,无,79.5,无,79.6
589,86.5,田治强,0,,0,,0,,0
590,0,无,0,无,0,无,90.32,张毅等,90.32
596,58,史宝 张艳芳,0,无,86,段克勤 刘笑睿 崔信跃,84.4,李芝 姚小凯 祖莉,74.16
597,0,无,0,无,0,无,86.63,田治强 李小勇 曹茹 陈凯 李利茹 樊昆 张洋 张英,86.63
599,60.5,石娟、徐晗,88.9,x保教师,88.5,陶静、刘红莉,90.4,x保教师,77.76
602,0,无,74,柴焕锁,0,无,86,李芝 姚小凯 祖莉,80
603,84.2,冯仲科，岳淼澎，张小丽，王睿睿，黄季桓,85.2,冯仲科，岳淼澎，张小丽，王睿睿，黄季桓,86.8,冯仲科，岳淼澎，张小丽，王睿睿，黄季桓,87,冯仲科，岳淼澎，张小丽，王睿睿，黄季桓,85.7333
605,0,无,0,无,0,无,0,"田治强	张岩	王炜	周欣	李颖	孙凤	何h",0
607,0,无,0,无,0,无,92.43,"田治强	张岩	王炜	周欣	李颖	孙凤	何h",92.43
609,73,丁梁,0,丁梁,86.4,丁梁,92,丁梁,83.28
612,67,石娟、徐晗,88.2,x保教师,85,陶静、刘红莉,90,x保教师,79.44
617,82,无,0,无,74.5,无,86,无,82.1
618,0,无,68,柴焕锁,0,无,86.3,李芝 姚小凯 祖莉,77.15
619,77,史宝 张艳芳,0,无,86,段克勤 刘笑睿 崔信跃,89.1,李芝 姚小凯 祖莉,83.64
621,0,,0,无,0,无,0,无,0
623,0,无,0,无,0,无,89.55,张毅等,89.55
624,34,孙世瑕,6,项晶茹,8,项晶茹,29.25,金宇宇,77.25
625,33.2,孙世瑕,6,项晶茹,7.5,项晶茹,29.5,金宇宇,76.2
626,0,无,0,无,0,无,95,侯方淼，郭军，秦光源,95
631,0,无,0,无,0,王晨逸、于畅,0,田宇利、吴红艳、万璐、潘焕然、秦英涛、顾冰松、张堇逸、庞新仁、安欣,0
634,78.25,孙淼、王毅、张盼、李馨,84.75,孙淼、王毅、张盼、李馨,84.25,孙淼、王毅、张盼、李馨,81.4,孙淼、王毅、张盼、李馨,82.16
636,23.8,闫磊,23.4,赵健,24.1,肖桓平,23,唐源,94.3
637,0,,0,,0,,86.35,王兰、侯澎、张英、张洋,86.35
638,67,史宝 张艳芳,0,无,43.3,段克勤 刘笑睿 崔信跃,86.7,李芝 姚小凯 祖莉,70.14
643,33.2,魏利,8.02,魏利,7.85,魏利,31.72,魏利,80.79
644,0,无,0,无,61,王晨逸、于畅,55,田宇利、吴红艳、万璐、潘焕然、秦英涛、顾冰松、张堇逸、庞新仁、安欣,56.8
645,16.8,魏利,0,魏利,0,魏利,6.72,魏利,23.52
648,0,,0,,0,,87.55,王兰、侯澎、张英、张洋,87.55
649,0,无,0,无,0,无,85.77,张毅等,85.77
650,36,xx培育然科教师,17.78,xx培育然科教师,15.18,xx培育然科教师,17.84,xx培育然科教师,86.81
656,0,无,0,无,91.71,无,88.57,无,87.2
658,32.4,孙世瑕,6,项晶茹,8,项晶茹,34.5,金宇宇,80.9
659,36.07,xx培育然科教师,17.93,xx培育然科教师,16.27,xx培育然科教师,18.25,xx培育然科教师,88.52
660,90,段克勤,0,无,88,刘玮,90,段克勤 刘笑睿 崔信跃,89.6
663,0,无,78,柴焕锁,0,无,87.3,李芝 姚小凯 祖莉,82.65
666,84,丁梁,0,丁梁,87,丁梁,92.6,丁梁,88.04
668,76,丁梁,0,丁梁,81.8,丁梁,90,丁梁,82.76
670,0,无,0,无,0,无,0,无,0
671,0,xx然科,0,xx然科,0,xx然科,0,xx然科,0
672,0,无,0,无,0,无,0,"田治强	张岩	王炜	周欣	李颖	孙凤	何h",0
675,91.1,xx经理然科,89.5,xx经理然科,92.8,xx经理然科,92.1,xx经理然科,91.47
677,31.2,孙世瑕,8,项晶茹,8,项晶茹,30,金宇宇,77.2
682,88.1,xx经理然科,88.1,xx经理然科,87.9,xx经理然科,89.4,xx经理然科,88.34
686,89,徐程毅、张新怡,92.5,徐程毅、李雷、樊大勇、张新怡,91,徐程毅、李雷、樊大勇、张新怡,90.5,徐程毅、李雷、樊大勇、张新怡,90.4
687,0,无,0,无,0,无,92.09,张毅等,92.09
688,84.2,孙淼、王毅、张盼、李馨、王,90.4,孙淼、王毅、张盼、李馨、王,81.6,孙淼、王毅、张盼、李馨、王,88.4,孙淼、王毅、张盼、李馨、王,86.15
690,32.8,魏利,8.63,魏利,8.83,魏利,35.72,魏利,85.98
693,0,无,0,无,0,无,0,无,0
694,75,无,85,无,0,无,84.86,无,80.97
695,90,无,0,无,77,无,84.8,无,85.3
697,0,,0,,0,,0,,0
698,0,无,0,无,0,无,91.59,张毅等,91.59
700,0,无,0,无,0,无,88.63,田治强 李小勇 曹茹 陈凯 李利茹 樊昆 张洋 张英,88.63
701,0,无,0,无,86,无,92.43,无,91.14
703,75,丁梁,0,丁梁,88,丁梁,93.4,丁梁,84.96
704,37.2,胡冬,0,胡冬,18.3,张金凤,37,李莉,92.5
705,86.5,xx经理然科,86.2,xx经理然科,87.4,xx经理然科,87.6,xx经理然科,86.96
708,88.2,xx然科,90.2,xx然科,90,xx然科,92.2,xx然科,90.12
709,63,石娟、徐晗,89.8,x保教师,85,陶静、刘红莉,91.7,x保教师,78.5
711,0,无,0,无,0,无,87.57,温舟、张晨、李强、贺超、米锋、姜艳、吴源,87.57
713,82,丁梁,0,丁梁,86.6,丁梁,93.2,丁梁,87.4
714,36.29,xx培育然科教师,18.16,xx培育然科教师,16.73,xx培育然科教师,18.66,xx培育然科教师,89.84
716,34.4,孙世瑕,7,项晶茹,9,项晶茹,29.5,金宇宇,79.9
717,81.4,冯仲科，岳淼澎，张小丽，王睿睿，黄季桓,81.6,冯仲科，岳淼澎，张小丽，王睿睿，黄季桓,83.8,冯仲科，岳淼澎，张小丽，王睿睿，黄季桓,86.4,冯仲科，岳淼澎，张小丽，王睿睿，黄季桓,83.2667
718,0,无,0,无,0,无,86.75,田治强 李小勇 曹茹 陈凯 李利茹 樊昆 张洋 张英,86.75
719,88,胡淼夫,0,时昆等,75.67,时昆等,75,时昆等,79.56
721,21.8,闫磊,22.3,赵健,21.2,肖桓平,22.4,唐源,87.7
723,92.6,孙淼、王毅、张盼、李馨、王,92.6,孙淼、王毅、张盼、李馨、王,90.6,孙淼、王毅、张盼、李馨、王,92.8,孙淼、王毅、张盼、李馨、王,92.15
726,91,无,0,无,79.75,无,89.8,无,88.25
727,0,无,0,无,0,无,82,吴源，温舟，张晨，李强，姜艳,82
736,39,孙桓凯,0,孙桓凯,19,孙桓凯,38,孙桓凯,96
737,0,无,0,无,0,无,86,侯方淼，郭军，秦光源,86
738,65,无,81,无,0,无,85.57,无,75.51
739,0,无,22,李冬,23.8,杨刚 曹卫逸 杨勇 付怡,37.33,曹卫逸 杨勇 付怡,83.13
740,86.9,xx经理然科,88.3,xx经理然科,87.6,xx经理然科,87.7,xx经理然科,87.62
741,88,徐程毅、张新怡,91.75,徐程毅、李雷、樊大勇、张新怡,91.25,徐程毅、李雷、樊大勇、张新怡,91.25,徐程毅、李雷、樊大勇、张新怡,90.05
742,0,无,93,尹跃莉,0,无,89.4,尹跃莉，常智怡，许晨新，曾会宇，晁跃,90.48
743,85,无,0,无,82.25,无,82.8,无,83.55
746,88.75,吴宇红,96,张连伟,88,阎景娟,89.75,李欣,92
748,0,无,0,无,0,无,88.27,张毅等,88.27
750,0,无,0,无,0,无,92.95,张毅等,92.95
751,0,无,0,无,0,无,91.29,温舟、张晨、李强、贺超、米锋、姜艳、吴源,91.29
752,0,无,0,无,0,无,87.5,张毅等,87.5
754,0,无,0,无,0,无,91.68,张毅等,91.68
759,36.4,xx培育然科教师,18.27,xx培育然科教师,16.11,xx培育然科教师,18.39,xx培育然科教师,89.17
760,76,丁梁,0,丁梁,89,丁梁,91.4,丁梁,84.76
768,63,史宇茂,0,无,76.5,史宇茂,90.8,史宇茂,76.8
769,82,胡淼夫,0,时昆等,77.67,时昆等,78.33,时昆等,79.33
772,73,史宝 张艳芳,0,无,68.3,段克勤 刘笑睿 崔信跃,92.2,李芝 姚小凯 祖莉,79.74
778,30.8,孙世瑕,6,项晶茹,7,项晶茹,30,金宇宇,73.8
785,87,无,78,无,0,无,79.57,无,81.91
788,0,无,0,无,0,无,84.95,张毅等,84.95
789,70,70,70,70,70,70,70,70,280
793,83.8,冯仲科，岳淼澎，张小丽，王睿睿，黄季桓,84.8,冯仲科，岳淼澎，张小丽，王睿睿，黄季桓,86.4,冯仲科，岳淼澎，张小丽，王睿睿，黄季桓,85.4,冯仲科，岳淼澎，张小丽，王睿睿，黄季桓,85.0133
797,26,魏利,7.67,魏利,7.71,魏利,30.08,魏利,71.46
802,0,,0,,0,,0,王兰、侯澎、张英、张洋,0
804,38,孙桓凯,0,孙桓凯,18,孙桓凯,36,孙桓凯,92
806,35.8,xx培育然科教师,17.92,xx培育然科教师,16.4,xx培育然科教师,18.4,xx培育然科教师,88.52
808,39,孙桓凯,0,孙桓凯,19,孙桓凯,38,孙桓凯,96
810,85.8,xx经理然科,86.3,xx经理然科,85.4,xx经理然科,86.9,xx经理然科,86.05
812,0,孙淼、王毅、张盼、李馨、王,0,孙淼、王毅、张盼、李馨、王,0,孙淼、王毅、张盼、李馨、王,0,孙淼、王毅、张盼、李馨、王,0
815,0,无,0,无,0,无,87.45,张毅等,87.45
817,86,无,0,无,91.75,无,89.8,无,88.65
824,0,无,0,无,0,无,0,无,0
827,0,无,0,无,0,无,95.3,雷都，宋先源，段久芳,95.3
828,20,张军,20,林剑,23,赵h,21.38,赵燕凯,84.38
837,87,无,85,无,0,无,85.93,无,85.99
838,0,无,75,柴焕锁,0,无,90.3,李芝 姚小凯 祖莉,82.65
849,85.6,孙淼、王毅、张盼、李馨、王,86.8,孙淼、王毅、张盼、李馨、王,80.4,孙淼、王毅、张盼、李馨、王,81.6,孙淼、王毅、张盼、李馨、王,83.6
855,72,石娟、徐晗,90.7,x保教师,92.5,陶静、刘红莉,92.2,x保教师,83.88
858,0,无,0,无,0,无,75.14,"田治强	张岩	王炜	周欣	李颖	孙凤	何h",75.14
860,17,赵柱、何小青、彭莉跃、金一,17,赵柱、何小青、彭莉跃、金一,18,赵柱、何小青、彭莉跃、金一,38,赵柱、何小青、彭莉跃、金一,90
864,20,张军,20,林剑,26.88,赵h,26.88,赵燕凯,93.75
868,92,无,0,无,76.25,无,87,无,86.85
869,0,无,0,无,0,无,90.14,温舟、张晨、李强、贺超、米锋、姜艳、吴源,90.14
872,0,,0,,0,,0,,0
877,0,无,0,无,0,无,91.29,温舟、张晨、李强、贺超、米锋、姜艳、吴源,91.29
879,0,无,0,无,0,无,84.79,张毅等,84.79
881,88,无,0,无,0,无,88,侯方淼，郭军，秦光源,88
883,82,无,0,无,78.5,无,91,无,84.9
884,0,无,0,无,0,无,0,温舟、张晨、李强、贺超、米锋、姜艳、吴源,0
885,88,无,0,无,81,无,71.3,无,79.9
890,85,无,0,无,91.25,无,85.3,无,86.35
891,0,无,0,无,0,无,80.69,无,80.69
892,0,,0,,0,,0,王兰、侯澎、张英、张洋,0
897,75,丁梁,0,丁梁,91.8,丁梁,94.6,丁梁,86.2
899,90,无,0,无,83.25,无,90.4,无,88.81
900,96,徐程毅、张新怡,93,徐程毅、李雷、樊大勇、张新怡,88.5,徐程毅、李雷、樊大勇、张新怡,90.25,徐程毅、李雷、樊大勇、张新怡,92.75
902,0,孙淼、王毅、张盼、李馨、王,0,孙淼、王毅、张盼、李馨、王,0,孙淼、王毅、张盼、李馨、王,0,孙淼、王毅、张盼、李馨、王,0
903,90,无,0,无,88.25,无,83.5,无,87.05
904,0,无,0,无,0,无,89.86,张毅等,89.86
907,33.6,孙世瑕,6,项晶茹,7,项晶茹,29.75,金宇宇,76.35
909,85,无,0,无,78.5,无,85.3,无,83.8
913,0,,0,,0,,0,,0
918,73,丁梁,0,丁梁,90,丁梁,92.6,丁梁,84.24
920,89,无,0,无,77.5,无,86.3,无,85.6
922,0,无,0,无,0,无,88.57,"田治强	张岩	王炜	周欣	李颖	孙凤	何h",88.57
924,61,魏天毅,0,无,77,魏天毅,91,魏天毅,76.2
925,84,无,0,无,80.75,无,86.8,无,84.45
926,0,无,0,无,86.33,无,88,无,87.67
928,0,无,0,无,0,无,87.88,田治强 李小勇 曹茹 陈凯 李利茹 樊昆 张洋 张英,87.88
931,69,无,90,无,0,无,88.71,无,81.34
933,73.33,冀小凯,0,无,90.25,冀小凯,88.66,冀小凯,82.84
934,88,石娟、徐晗,91.6,x保教师,92,陶静、刘红莉,92.8,x保教师,90.48
935,65,无,78,无,0,无,77.57,无,72.71
936,0,无,0,无,0,无,87.63,田治强 李小勇 曹茹 陈凯 李利茹 樊昆 张洋 张英,87.63
937,64,刘艳,0,刘艳等,0,刘艳等,86.25,刘艳等,77.35
942,0,无,0,无,0,王晨逸、于畅,0,田宇利、吴红艳、万璐、潘焕然、秦英涛、顾冰松、张堇逸、庞新仁、安欣,0
943,0,无,0,无,90.5,王晨逸、于畅,86.78,田宇利、吴红艳、万璐、潘焕然、秦英涛、顾冰松、张堇逸、庞新仁、安欣,87.89
946,87,蔡军,87,蔡军,90,蔡军,90,蔡军,89
947,33.6,魏利,8.03,魏利,8.13,魏利,33.12,魏利,82.88
949,0,,0,无,0,无,0,无,0
950,83,蔡军,83,蔡军,92,蔡军,90,蔡军,87
952,0,无,0,无,79.57,无,83.43,无,82.66
954,82,丁梁,0,丁梁,82.6,丁梁,91.2,丁梁,85.8
955,88.8,xx经理然科,87.9,xx经理然科,87.2,xx经理然科,88.6,xx经理然科,88.06
956,0,无,23,李冬,26.4,杨刚 孟伟 张海燕 淮永,37.33,孟伟 张海燕 淮永,86.73
957,0,无,0,无,0,王晨逸、于畅,0,田宇利、吴红艳、万璐、潘焕然、秦英涛、顾冰松、张堇逸、庞新仁、安欣,0
958,76,无,82,无,0,无,84.07,无,80.01
959,79,蔡军,79,蔡军,90,蔡军,90,蔡军,85
960,69,无,78,无,0,无,86.5,无,76.1
961,72,无,90,无,0,无,86.36,无,82.07
962,71,无,79,无,0,无,89.29,无,77.86
963,52,无,70,无,0,无,83.79,无,65.56
964,79,无,90,无,0,无,91.71,无,85.94
965,64,无,79,无,0,无,84.57,无,74.11
966,0,无,0,无,89.5,无,90.5,无,90.3
967,0,无,0,无,0,无,84.38,田治强 李小勇 曹茹 陈凯 李利茹 樊昆 张洋 张英,84.38
968,60,无,81,无,0,无,84.93,无,73.39
971,0,无,0,无,83.43,无,85.57,无,85.14
972,0,无,0,无,88.29,无,86.71,无,87.03
973,73,无,79,无,0,无,88.79,无,78.56
975,76,无,80,无,0,无,87.29,无,79.86
976,80,无,89,无,0,无,86.36,无,84.87
977,75,无,82,无,0,无,88.07,无,80.41
978,85,无,91,无,0,无,88.5,无,88.1
979,0,无,0,无,92.57,无,88.43,无,89.26
980,79,无,84,无,0,无,86.79,无,82.56
981,0,无,0,无,86.29,无,89,无,88.46
982,69,无,79,无,0,无,88.29,无,76.86
983,59,无,86,无,0,无,85.29,无,75.06
985,66,无,86,无,0,无,85.36,无,77.87
986,67,无,84,无,0,无,85.43,无,77.49
987,80,无,79,无,0,无,84,无,80.4
988,0,无,0,无,88,无,91.67,无,90.93
989,78,无,80,无,0,无,88.57,无,80.91
990,60,无,86,无,0,无,81.5,无,74.7
992,78,无,92,无,0,无,91.29,无,86.26
994,87.2,孙淼、王毅、张盼、李馨、王,87.8,孙淼、王毅、张盼、李馨、王,88.6,孙淼、王毅、张盼、李馨、王,90.2,孙淼、王毅、张盼、李馨、王,88.45
995,71,无,80,无,0,无,86,无,77.6
996,0,无,0,无,92.57,无,93.14,无,93.03
997,61,无,83,无,0,无,84.57,无,74.51
998,0,无,83,尹跃莉,0,无,85.4,尹跃莉，常智怡，许晨新，曾会宇，晁跃,84.68
999,0,无,0,无,0,无,87.9,张毅等,87.9
1000,75,无,90,无,0,无,88.86,无,83.77
1002,69,无,87,无,0,无,83.14,无,79.03
1003,0,无,0,无,86.17,无,88.33,无,87.9
1004,66,无,79,无,0,无,85.86,无,75.17
1005,0,无,0,无,89.29,无,91,无,90.66
1007,75,无,91,无,0,无,85.64,无,83.53
1008,91,无,0,无,83.75,无,88.3,无,88.45
1009,86,无,82,无,0,无,88.79,无,84.96
1010,73,无,87,无,0,无,88.57,无,81.71
1011,88,无,79,无,0,无,87.79,无,84.36
1012,71,无,83,无,0,无,0,无,61.6
1014,75,无,90,无,0,无,89.64,无,83.93
1015,72,无,83,无,0,无,89.21,无,79.84
1016,84,无,87,无,0,无,87.07,无,85.81
1019,69,无,82,无,0,无,90.93,无,78.59
1020,88,无,86,无,0,无,91.86,无,87.97
1022,72,无,88,无,0,无,93.43,无,82.69
1023,0,无,90,李翅,0,无,88.2,钱莉,89.1
1024,70,无,83,无,0,无,83.93,无,77.99
1026,0,无,0,无,89.29,无,89.57,无,89.51
1027,78,无,74,无,0,无,86.36,无,78.07
1029,38,胡冬,0,胡冬,18.3,张金凤,36.7,李莉,93
1033,74,无,86,无,0,无,89.64,无,81.93
1034,0,无,0,无,0,无,87.2,王兰、侯澎、张英、张洋,87.2
1035,0,无,89,李翅,0,无,85.9,钱莉,87.45
1036,68,无,85,无,0,无,87.57,无,78.71
1038,78,无,80,无,0,无,83.5,无,79.9
1039,56,无,70,无,0,无,84.21,无,67.24
1042,0,无,0,无,91.57,无,89.71,无,90.09
1043,0,无,0,无,0,无,86.63,田治强 李小勇 曹茹 陈凯 李利茹 樊昆 张洋 张英,86.63
1044,82,无,72,无,0,无,84.36,无,78.47
1046,0,xx经理然科,0,xx经理然科,0,xx经理然科,0,xx经理然科,0
1047,74,无,80,无,0,无,85.5,无,78.7
1048,35.56,xx培育然科教师,17.53,xx培育然科教师,16.44,xx培育然科教师,18.5,xx培育然科教师,88.03
1049,0,无,0,无,89.29,无,89.29,无,89.29
1050,80,无,84,无,0,无,87.5,无,83.1
1051,0,无,0,无,0,无,91,张毅等,91
1052,0,无,0,无,87.67,无,89.17,无,88.87
1053,0,无,0,无,88.71,无,90.71,无,90.31
1054,0,,0,,0,,87.58,王兰、侯澎、张英、张洋,87.58
1055,70,无,88,无,0,无,88.29,无,80.86
1057,0,无,0,无,0,无,94,侯方淼，郭军，秦光源,94
1058,88.375,田治强,0,,0,,0,,0
1060,85,无,0,无,72.75,无,87.4,无,83.51
1061,23.2,闫磊,23,赵健,24.1,肖桓平,23,唐源,93.3
1062,0,无,66,柴焕锁,0,无,91,李芝 姚小凯 祖莉,78.5
1064,64,无,78,无,0,无,83.21,无,73.44
1065,23,闫磊,22,赵健,21,肖桓平,23,唐源,89
1066,0,无,0,无,0,无,0,温舟、张晨、李强、贺超、米锋、姜艳、吴源,0
1068,0,无,0,无,89.57,无,89.14,无,89.23
1071,0,,0,,0,,0,,0
1076,55,史宝 张艳芳,0,无,68.3,段克勤 刘笑睿 崔信跃,88,李芝 姚小凯 祖莉,70.83
1078,21.7,闫磊,24,赵健,23,肖桓平,22,唐源,90.7
1080,76,无,83,无,0,无,86.79,无,80.96
1083,31.2,孙世瑕,6,项晶茹,7,项晶茹,37.25,金宇宇,81.45
1085,0,无,0,无,78,王晨逸、于畅,88,田宇利、吴红艳、万璐、潘焕然、秦英涛、顾冰松、张堇逸、庞新仁、安欣,85
1089,0,无,0,无,0,无,89.57,温舟、张晨、李强、贺超、米锋、姜艳、吴源,89.57
1092,64,无,84,无,0,无,90.21,无,77.24
1093,70,无,85,无,0,无,87.57,无,79.51
1094,23.1,闫磊,22.2,赵健,24,肖桓平,23.4,唐源,92.7
1095,78,丁梁,0,丁梁,89.8,丁梁,93,丁梁,86.36
1096,78,无,91,无,0,无,92.86,无,86.17
1097,0,无,0,无,0,无,0,无,0
1098,67,无,89,无,0,无,85.5,无,79.5
1100,0,无,0,无,84,王晨逸、于畅,84,田宇利、吴红艳、万璐、潘焕然、秦英涛、顾冰松、张堇逸、庞新仁、安欣,84
1101,0,无,0,无,0,无,87.38,田治强 李小勇 曹茹 陈凯 李利茹 樊昆 张洋 张英,87.38
1102,73,无,81,无,0,无,89.21,无,79.44
1105,32,孙世瑕,9,项晶茹,9,项晶茹,29,金宇宇,79
1110,0,无,0,无,83,无,82.33,无,82.47
1116,61,无,70,无,0,无,86.29,无,69.66
1117,0,无,28,李冬,24.4,杨刚 孟伟 张海燕 淮永,38.67,孟伟 张海燕 淮永,91.07
1119,34.96,xx培育然科教师,17.44,xx培育然科教师,15.2,xx培育然科教师,17.8,xx培育然科教师,85.4
1122,0,无,0,无,0,无,80,吴源，温舟，张晨，李强，姜艳,80
1125,78,无,72,无,0,无,81.5,无,76.3
1128,81,无,86,无,0,无,91.93,无,85.19
1130,75,丁梁,0,丁梁,84.2,丁梁,89.6,丁梁,82.68
1132,33.4,魏利,8.42,魏利,8.37,魏利,34.68,魏利,83.87
1136,0,无,0,无,0,无,0,无,0
1137,85,胡淼夫,0,时昆等,76.67,时昆等,76.67,时昆等,79.45
1138,84,胡淼夫,0,时昆等,74.33,时昆等,81,时昆等,79.78
1142,0,刘艳,0,刘艳等,0,刘艳等,0,刘艳等,0
1145,78,无,89,无,0,无,89.64,无,84.73
1147,0,无,0,无,74.5,无,75.2,无,75.06
1149,0,无,0,无,89.43,无,88.14,无,88.4
1152,0,无,0,无,90.43,无,90,无,90.09
1153,0,无,88,李翅,0,无,87.8,钱莉,87.9
1156,0,无,0,无,89.43,无,89.57,无,89.54
1158,0,无,0,无,0,无,89.33,王兰、侯澎、张英、张洋,89.33
1160,81,无,79,无,0,无,91.29,无,82.26
1164,0,无,0,无,92,王晨逸、于畅,91.67,田宇利、吴红艳、万璐、潘焕然、秦英涛、顾冰松、张堇逸、庞新仁、安欣,91.77
1169,82,胡淼夫,0,时昆等,73.33,时昆等,81.67,时昆等,79
1171,0,无,0,无,0,无,0,"田治强	张岩	王炜	周欣	李颖	孙凤	何h",0
1172,0,无,0,无,0,无,94,吴源，温舟，张晨，李强，姜艳,94
1180,92.8,孙淼、王毅、张盼、李馨、王,93.2,孙淼、王毅、张盼、李馨、王,92.4,孙淼、王毅、张盼、李馨、王,92.6,孙淼、王毅、张盼、李馨、王,92.75
10000,32.4,孙世瑕,8,项晶茹,8,项晶茹,34.25,金宇宇,82.65
10001,85,丁梁,0,丁梁,85.6,丁梁,90.2,丁梁,87.2
